dataset,scenario,method,seed,validation_indices_sha256,validation_targets_sha256,test_targets_sha256,selected_checkpoint_round,validation_checkpoint_pr_auc,validation_checkpoint_roc_auc,threshold_selected_on_validation,test_roc_auc,test_pr_auc,validation_accuracy,test_accuracy,validation_balanced_accuracy,test_balanced_accuracy,validation_precision,test_precision,validation_recall,test_recall,validation_fpr,test_fpr,validation_f1,test_f1,validation_predicted_positive_rate,test_predicted_positive_rate
default_credit,alpha_0p1,fedavg,1,2391b5121c6418817aeb23921a62aaba79193a2cd0d5a9dda14a5530f397cfa3,a239723fd59dfaf41435a684e8faa9e7a4eb21871c471e04bac38392823c2846,dc87338b86a7da5a9d6ba0e3837170d285d13a053f5cda4e0b5eb31d81bf118c,40,0.5035056517423672,0.7411951061043239,0.07713010162115097,0.7478945169310269,0.5221179352532099,0.7376536778495519,0.7398333333333333,0.6934331962264924,0.6926847797743325,0.4269513008672448,0.4366883116883117,0.6153846153846154,0.6081386586284853,0.2285182229316307,0.22276909907982023,0.5041354864119733,0.5083464566929133,0.31235674098770577,0.308
default_credit,alpha_0p1,fedavg,2,e84a1df7f3ef6c8a14a0d8c021688208b3bdd302f3225bb648cdca0819d696aa,7457c6ff90cc6733826842833bdd4b7661c49fe51b522371a445dbb939833b64,44e80d528404258e64d9a9161c45e7ce3e9cdacc14df937e44018b00f54798f8,40,0.4364205036083486,0.6851870417628712,0.007148404605686665,0.6947233792356191,0.4428501874846456,0.665763700770994,0.6658333333333334,0.6414666626159518,0.6459872012431401,0.3484262838210933,0.3524804177545692,0.5981042654028436,0.6103993971363979,0.31517094017094016,0.31842499465011764,0.4403349616189811,0.44689655172413795,0.3773702854761409,0.383
default_credit,alpha_0p1,fedavg,3,7f6ba69ecffd9dbc7ef6864a917ae0a2c7b1d72cb99f6dc484f99aebb39b4e1b,b2baf64eee5fe366d5b2efe314b78d00c6ac565482211081f8f8f0125087c733,d39d1ac8d82263d3a389e4c2d814950d3c7622ff2370f8666b170836d54bc6a1,60,0.5519600306937649,0.7755009702521349,0.20394916832447052,0.7440240564895967,0.49455457346934023,0.7520316732652635,0.7286666666666667,0.7132717726237618,0.6803898874887903,0.4585561497326203,0.41981885988279166,0.6435272045028143,0.5938206480783723,0.21698365925529062,0.2330408731007918,0.5355191256830601,0.4918851435705368,0.31173161075224004,0.31283333333333335
default_credit,alpha_0p1,fedavg_classweight,1,2391b5121c6418817aeb23921a62aaba79193a2cd0d5a9dda14a5530f397cfa3,a239723fd59dfaf41435a684e8faa9e7a4eb21871c471e04bac38392823c2846,dc87338b86a7da5a9d6ba0e3837170d285d13a053f5cda4e0b5eb31d81bf118c,40,0.4982001114186165,0.7413265854257475,0.2268734574317932,0.741581978338903,0.5218876858053965,0.7318191289852053,0.7276666666666667,0.6959683938035893,0.6889208331915568,0.4209852847088932,0.4213223987698616,0.6326923076923077,0.6194423511680482,0.24075552008512902,0.24160068478493468,0.5055704955820206,0.5015253203172667,0.3256928526776412,0.32516666666666666
default_credit,alpha_0p1,fedavg_classweight,2,e84a1df7f3ef6c8a14a0d8c021688208b3bdd302f3225bb648cdca0819d696aa,7457c6ff90cc6733826842833bdd4b7661c49fe51b522371a445dbb939833b64,44e80d528404258e64d9a9161c45e7ce3e9cdacc14df937e44018b00f54798f8,40,0.43569584278784745,0.6850053925142787,0.018073122948408127,0.7028653598708997,0.4458172486358108,0.6326317982913107,0.6231666666666666,0.6420174332644712,0.6364020828015031,0.3312678741658723,0.3261355174981385,0.6587677725118484,0.6601356443104748,0.374732905982906,0.3873314787074684,0.4408499841420869,0.4365811113879891,0.43717441133569496,0.44766666666666666
default_credit,alpha_0p1,fedavg_classweight,3,7f6ba69ecffd9dbc7ef6864a917ae0a2c7b1d72cb99f6dc484f99aebb39b4e1b,b2baf64eee5fe366d5b2efe314b78d00c6ac565482211081f8f8f0125087c733,d39d1ac8d82263d3a389e4c2d814950d3c7622ff2370f8666b170836d54bc6a1,40,0.5430394100223477,0.7720648804913732,0.2521606385707855,0.7452682770444009,0.4907628635910621,0.7105647009793707,0.6931666666666667,0.7023674302868438,0.677833796774783,0.4097261039686976,0.38526785714285716,0.6876172607879925,0.6503391107761869,0.2828824002143049,0.294671517226621,0.5134851138353764,0.4838800112139053,0.3727859970827256,0.37333333333333335
default_credit,alpha_0p1,fedprox,1,2391b5121c6418817aeb23921a62aaba79193a2cd0d5a9dda14a5530f397cfa3,a239723fd59dfaf41435a684e8faa9e7a4eb21871c471e04bac38392823c2846,dc87338b86a7da5a9d6ba0e3837170d285d13a053f5cda4e0b5eb31d81bf118c,40,0.5079642279931553,0.7428352722696299,0.07725900411605835,0.7386661110637178,0.5075528288777529,0.7493227755782454,0.749,0.700881985798187,0.6942529766229092,0.4435204435204435,0.4491766042021579,0.6153846153846154,0.5960813865862848,0.21362064378824153,0.20757543334046646,0.5155054369714056,0.5123056994818652,0.3006876432590123,0.2935
default_credit,alpha_0p1,fedprox,2,e84a1df7f3ef6c8a14a0d8c021688208b3bdd302f3225bb648cdca0819d696aa,7457c6ff90cc6733826842833bdd4b7661c49fe51b522371a445dbb939833b64,44e80d528404258e64d9a9161c45e7ce3e9cdacc14df937e44018b00f54798f8,40,0.44346621332018393,0.7014302821322963,0.007613967638462782,0.7078162788331241,0.45133163858313435,0.6595123984163367,0.6538333333333334,0.6503949447077408,0.6455677575696198,0.3489827856025039,0.34529702970297027,0.6341232227488152,0.6307460437076111,0.33333333333333337,0.3396105285683715,0.45020188425302826,0.4462809917355372,0.3994582204625964,0.404
default_credit,alpha_0p1,fedprox,3,7f6ba69ecffd9dbc7ef6864a917ae0a2c7b1d72cb99f6dc484f99aebb39b4e1b,b2baf64eee5fe366d5b2efe314b78d00c6ac565482211081f8f8f0125087c733,d39d1ac8d82263d3a389e4c2d814950d3c7622ff2370f8666b170836d54bc6a1,40,0.5486732498558498,0.7726731413803866,0.09988903999328613,0.7459124399639998,0.4976468455771076,0.714315482392165,0.6945,0.7031028467262974,0.6765314411010614,0.4134014764338444,0.3858303249097473,0.6829268292682927,0.6443104747550866,0.2767211358156978,0.29124759255296384,0.5150336045277679,0.4826418289585097,0.36695144821837883,0.36933333333333335
default_credit,alpha_0p1,fedrba,1,2391b5121c6418817aeb23921a62aaba79193a2cd0d5a9dda14a5530f397cfa3,a239723fd59dfaf41435a684e8faa9e7a4eb21871c471e04bac38392823c2846,dc87338b86a7da5a9d6ba0e3837170d285d13a053f5cda4e0b5eb31d81bf118c,40,0.5068257413639256,0.7476809503345816,0.18962307274341583,0.7479963541781735,0.5261668223005043,0.7261929568660137,0.7235,0.6972455849550822,0.6921813183561356,0.415327564894932,0.4178217821782178,0.6461538461538462,0.6360211002260738,0.2516626762436819,0.2516584635138027,0.5056433408577878,0.5043322378249178,0.33715357366117943,0.33666666666666667
default_credit,alpha_0p1,fedrba,2,e84a1df7f3ef6c8a14a0d8c021688208b3bdd302f3225bb648cdca0819d696aa,7457c6ff90cc6733826842833bdd4b7661c49fe51b522371a445dbb939833b64,44e80d528404258e64d9a9161c45e7ce3e9cdacc14df937e44018b00f54798f8,110,0.4339313937117594,0.6935221472839956,0.019079579040408134,0.7148828807152829,0.45361711135185545,0.6463846634715565,0.6553333333333333,0.6426622564507636,0.6616390942790367,0.3382056451612903,0.3533834586466165,0.6360189573459716,0.6729464958553127,0.3506944444444444,0.3496683072972394,0.44159262915432707,0.46341463414634143,0.4134194623879975,0.4211666666666667
default_credit,alpha_0p1,fedrba,3,7f6ba69ecffd9dbc7ef6864a917ae0a2c7b1d72cb99f6dc484f99aebb39b4e1b,b2baf64eee5fe366d5b2efe314b78d00c6ac565482211081f8f8f0125087c733,d39d1ac8d82263d3a389e4c2d814950d3c7622ff2370f8666b170836d54bc6a1,80,0.5643549551758978,0.7810900346737606,0.35503557324409485,0.7455346826378862,0.5009861445412156,0.776620129193582,0.7628333333333334,0.708300392674433,0.6923420970345284,0.49760765550239233,0.46996245306633294,0.5853658536585366,0.5659382064807837,0.16876506830967053,0.1812540124117269,0.5379310344827586,0.5135042735042734,0.2613044384246718,0.2663333333333333
default_credit,alpha_0p1,fedrba_classagg,1,2391b5121c6418817aeb23921a62aaba79193a2cd0d5a9dda14a5530f397cfa3,a239723fd59dfaf41435a684e8faa9e7a4eb21871c471e04bac38392823c2846,dc87338b86a7da5a9d6ba0e3837170d285d13a053f5cda4e0b5eb31d81bf118c,40,0.5059566807232049,0.7443109613849838,0.0924229621887207,0.7454441337633451,0.5154243583027045,0.742863096478433,0.7476666666666667,0.6981495692389548,0.6993324217703684,0.43454790823211875,0.4484280198565913,0.6192307692307693,0.6126601356443104,0.22293163075285982,0.2139952921035737,0.5107057890563045,0.5178343949044586,0.30881433632006666,0.30216666666666664
default_credit,alpha_0p1,fedrba_classagg,2,e84a1df7f3ef6c8a14a0d8c021688208b3bdd302f3225bb648cdca0819d696aa,7457c6ff90cc6733826842833bdd4b7661c49fe51b522371a445dbb939833b64,44e80d528404258e64d9a9161c45e7ce3e9cdacc14df937e44018b00f54798f8,40,0.42650484198179295,0.6807942945679912,0.010386226698756218,0.6947305554153468,0.4339795444484532,0.7207751614919775,0.7218333333333333,0.639620929031474,0.6511821103161051,0.3927765237020316,0.4013840830449827,0.4947867298578199,0.5244913338357197,0.2155448717948718,0.22212711320350953,0.43791946308724833,0.4547533485788957,0.27693269431131484,0.289
default_credit,alpha_0p1,fedrba_classagg,3,7f6ba69ecffd9dbc7ef6864a917ae0a2c7b1d72cb99f6dc484f99aebb39b4e1b,b2baf64eee5fe366d5b2efe314b78d00c6ac565482211081f8f8f0125087c733,d39d1ac8d82263d3a389e4c2d814950d3c7622ff2370f8666b170836d54bc6a1,150,0.5582521207380403,0.7799859676562518,0.28290608525276184,0.7519821979138764,0.5099935573692032,0.7870389664513441,0.771,0.7160027270593545,0.6908401790593914,0.5181818181818182,0.48432288192128087,0.5881801125703565,0.5470987189148455,0.15617465845164746,0.16541836079606254,0.5509666080843586,0.5138004246284502,0.25213586163784124,0.24983333333333332
default_credit,alpha_0p3,fedavg,1,19fbf5fd37c05707b7c8e3a5f88172884570d4d3ef28b2ca5dedb20f919e0f7a,9c91f3b81b6c5cdb8787ec7f8015dce408542470d556245ac9f3b1f0f947b917,dc87338b86a7da5a9d6ba0e3837170d285d13a053f5cda4e0b5eb31d81bf118c,140,0.5144368394126854,0.7579553373609893,0.32936379313468933,0.7631020512424386,0.5301752215262057,0.7667152676525724,0.7661666666666667,0.69874697708189,0.6936726736397631,0.4680685358255452,0.4758269720101781,0.5789980732177264,0.5636774679728711,0.18150411905394637,0.1763321206933447,0.5176571920757967,0.5160400137978614,0.2674442824411581,0.262
default_credit,alpha_0p3,fedavg,2,9d9383ad11480be4ecfc89d4e911227f437b8e315eb343e93b9a93659a927f3f,56f0bcb9b9550313cb030d7f95fc9e50599f45ef871de21648292d83d16d34a3,44e80d528404258e64d9a9161c45e7ce3e9cdacc14df937e44018b00f54798f8,30,0.5107413406477209,0.7602910142048981,0.2999039590358734,0.7701245478402037,0.5268486402845884,0.7539070639716607,0.7605,0.6940437978025096,0.7002868536741476,0.4534798534798535,0.46730083234244946,0.5872865275142315,0.5923134890730972,0.19919893190921223,0.1917397817248021,0.5117817279867714,0.522432701894317,0.2844342571369035,0.2803333333333333
default_credit,alpha_0p3,fedavg,3,534187c46b15dbb4cae7c9207ce1ece371c5064e341ee044db84622c807fe370,67f105eb54fa6909117e63fc15a8e2c85cce9885378867b3c234d0dbf65e5b08,d39d1ac8d82263d3a389e4c2d814950d3c7622ff2370f8666b170836d54bc6a1,10,0.5105214280577027,0.7486743602439262,0.09229737520217896,0.7577455571787519,0.5098784938456823,0.76780508121616,0.7761666666666667,0.6909747712102983,0.7014414929292052,0.48531810766721045,0.4947437582128778,0.5514365152919369,0.5674453654860587,0.1694869728713403,0.1645623796276482,0.5162689804772234,0.5286065286065287,0.25531028738025824,0.25366666666666665
default_credit,alpha_0p3,fedavg_classweight,1,19fbf5fd37c05707b7c8e3a5f88172884570d4d3ef28b2ca5dedb20f919e0f7a,9c91f3b81b6c5cdb8787ec7f8015dce408542470d556245ac9f3b1f0f947b917,dc87338b86a7da5a9d6ba0e3837170d285d13a053f5cda4e0b5eb31d81bf118c,140,0.5087872067136262,0.7483170737077425,0.4685828685760498,0.7568084609900451,0.5187919025932525,0.7833784628202458,0.784,0.6853080163461593,0.6816495086090774,0.49906191369606,0.512006196746708,0.51252408477842,0.4981160512434062,0.14190805208610147,0.13481703402525147,0.5057034220532319,0.5049656226126814,0.22203707560924807,0.21516666666666667
default_credit,alpha_0p3,fedavg_classweight,2,9d9383ad11480be4ecfc89d4e911227f437b8e315eb343e93b9a93659a927f3f,56f0bcb9b9550313cb030d7f95fc9e50599f45ef871de21648292d83d16d34a3,44e80d528404258e64d9a9161c45e7ce3e9cdacc14df937e44018b00f54798f8,90,0.5158452373851506,0.7614694355282059,0.10648727416992188,0.7694388598356638,0.532310877942334,0.7259845801208585,0.7333333333333333,0.6914925150041928,0.6966056347363221,0.41787287602265577,0.42989214175654855,0.6299810246679317,0.6307460437076111,0.24699599465954603,0.23753477423496683,0.5024593265228907,0.5113011606597435,0.33111064805167745,0.3245
default_credit,alpha_0p3,fedavg_classweight,3,534187c46b15dbb4cae7c9207ce1ece371c5064e341ee044db84622c807fe370,67f105eb54fa6909117e63fc15a8e2c85cce9885378867b3c234d0dbf65e5b08,d39d1ac8d82263d3a389e4c2d814950d3c7622ff2370f8666b170836d54bc6a1,10,0.5101922437555533,0.7529661197321362,0.17130938172340393,0.7609743542688029,0.5124769328041509,0.7136609745939192,0.7181666666666666,0.6899531430127626,0.6946928199983519,0.41252955082742315,0.4131679389312977,0.6468952734012975,0.6525998492840994,0.26698898737577226,0.2632142092873957,0.5037892457596534,0.5059888986269354,0.35235318617242817,0.34933333333333333
default_credit,alpha_0p3,fedprox,1,19fbf5fd37c05707b7c8e3a5f88172884570d4d3ef28b2ca5dedb20f919e0f7a,9c91f3b81b6c5cdb8787ec7f8015dce408542470d556245ac9f3b1f0f947b917,dc87338b86a7da5a9d6ba0e3837170d285d13a053f5cda4e0b5eb31d81bf118c,120,0.5219863727081252,0.766382385636025,0.023378750309348106,0.7647075803518457,0.5320349598277208,0.7298479483440949,0.7248333333333333,0.6972043479841495,0.6984331416298895,0.4183994959042218,0.42105263157894735,0.6396917148362236,0.6510926902788244,0.24528301886792447,0.25422640701904553,0.505904761904762,0.511393903521752,0.3305561341387211,0.342
default_credit,alpha_0p3,fedprox,2,9d9383ad11480be4ecfc89d4e911227f437b8e315eb343e93b9a93659a927f3f,56f0bcb9b9550313cb030d7f95fc9e50599f45ef871de21648292d83d16d34a3,44e80d528404258e64d9a9161c45e7ce3e9cdacc14df937e44018b00f54798f8,150,0.5107382013190674,0.7565307823461009,0.05282074958086014,0.7636914655549017,0.527834508548915,0.7476557616170035,0.7506666666666667,0.6886749695355984,0.6904666951886215,0.4434030281182408,0.4507288629737609,0.5834914611005693,0.5825169555388093,0.20614152202937253,0.2015835651615664,0.5038918476034412,0.5082182774490468,0.2890185455303188,0.28583333333333333
default_credit,alpha_0p3,fedprox,3,534187c46b15dbb4cae7c9207ce1ece371c5064e341ee044db84622c807fe370,67f105eb54fa6909117e63fc15a8e2c85cce9885378867b3c234d0dbf65e5b08,d39d1ac8d82263d3a389e4c2d814950d3c7622ff2370f8666b170836d54bc6a1,10,0.5087721837593134,0.7463210556227264,0.09630956500768661,0.7566332493209641,0.5112087498997775,0.7640566430653895,0.7731666666666667,0.6878991824236138,0.700864495826608,0.4782258064516129,0.4890322580645161,0.5495829471733086,0.5712132629992465,0.17378458232608107,0.1694842713460304,0.5114273393704183,0.5269377824122351,0.25822573927530196,0.25833333333333336
default_credit,alpha_0p3,fedrba,1,19fbf5fd37c05707b7c8e3a5f88172884570d4d3ef28b2ca5dedb20f919e0f7a,9c91f3b81b6c5cdb8787ec7f8015dce408542470d556245ac9f3b1f0f947b917,dc87338b86a7da5a9d6ba0e3837170d285d13a053f5cda4e0b5eb31d81bf118c,150,0.518403671681909,0.7552757377507492,0.4996471703052521,0.7625902848072534,0.528424090652129,0.7554676109143929,0.7501666666666666,0.701338890945557,0.6936529996189368,0.45121951219512196,0.4506880733944954,0.6059730250481695,0.5923134890730972,0.2032952431570555,0.20500748983522366,0.5172697368421053,0.5118853793552589,0.290356175796709,0.2906666666666667
default_credit,alpha_0p3,fedrba,2,9d9383ad11480be4ecfc89d4e911227f437b8e315eb343e93b9a93659a927f3f,56f0bcb9b9550313cb030d7f95fc9e50599f45ef871de21648292d83d16d34a3,44e80d528404258e64d9a9161c45e7ce3e9cdacc14df937e44018b00f54798f8,150,0.5204601974064634,0.7600043574861358,0.267508327960968,0.7698021035398562,0.5353992421422661,0.7851635757449469,0.7888333333333334,0.6960042865503151,0.6968930850815931,0.5103697024346258,0.522189349112426,0.5370018975332068,0.5320271288620949,0.14499332443257673,0.13824095869890862,0.5233472029588535,0.5270623366927958,0.23108981037716192,0.22533333333333333
default_credit,alpha_0p3,fedrba,3,534187c46b15dbb4cae7c9207ce1ece371c5064e341ee044db84622c807fe370,67f105eb54fa6909117e63fc15a8e2c85cce9885378867b3c234d0dbf65e5b08,d39d1ac8d82263d3a389e4c2d814950d3c7622ff2370f8666b170836d54bc6a1,10,0.5113456816916255,0.7543357587045635,0.2048584371805191,0.7616161788826479,0.5127760954695405,0.7399000416493128,0.7431666666666666,0.6891040265941968,0.6967132774322371,0.44170096021947874,0.44191096634093374,0.5968489341983317,0.613413715146948,0.21864088100993817,0.21998716028247378,0.507686243594797,0.5137267276743451,0.3036234902124115,0.307
default_credit,alpha_0p3,fedrba_classagg,1,19fbf5fd37c05707b7c8e3a5f88172884570d4d3ef28b2ca5dedb20f919e0f7a,9c91f3b81b6c5cdb8787ec7f8015dce408542470d556245ac9f3b1f0f947b917,dc87338b86a7da5a9d6ba0e3837170d285d13a053f5cda4e0b5eb31d81bf118c,150,0.51715872067345,0.7656732191600909,0.11661617457866669,0.7605366073054155,0.5174399048619234,0.7256821495521766,0.7198333333333333,0.7060580482202481,0.7006190543536753,0.4166168559473999,0.41658812441093307,0.6714836223506744,0.6661642803315749,0.2593675259101781,0.26492617162422427,0.5142014016967908,0.5126123514062046,0.34846906894397,0.3536666666666667
default_credit,alpha_0p3,fedrba_classagg,2,9d9383ad11480be4ecfc89d4e911227f437b8e315eb343e93b9a93659a927f3f,56f0bcb9b9550313cb030d7f95fc9e50599f45ef871de21648292d83d16d34a3,44e80d528404258e64d9a9161c45e7ce3e9cdacc14df937e44018b00f54798f8,90,0.5189788397502618,0.7635350612961495,0.15304216742515564,0.7750503098577649,0.5327361656246252,0.7366117941237758,0.748,0.7003468254953473,0.7119568539047529,0.432258064516129,0.45139253809774044,0.635673624288425,0.6473247927656368,0.23497997329773035,0.22341108495613093,0.5145929339477726,0.531888544891641,0.32298395499062305,0.31716666666666665
default_credit,alpha_0p3,fedrba_classagg,3,534187c46b15dbb4cae7c9207ce1ece371c5064e341ee044db84622c807fe370,67f105eb54fa6909117e63fc15a8e2c85cce9885378867b3c234d0dbf65e5b08,d39d1ac8d82263d3a389e4c2d814950d3c7622ff2370f8666b170836d54bc6a1,10,0.5089447315743288,0.7481820917837344,0.07118726521730423,0.7581784662681657,0.5139748610159499,0.6845064556434819,0.6865,0.6872765966238972,0.6927091304066668,0.3870466321243523,0.3856317093311313,0.6923076923076923,0.7038432554634514,0.31775449905989794,0.31842499465011764,0.4965104685942173,0.4982662043211523,0.4019158683881716,0.4036666666666667
give_me_some_credit,alpha_0p3,fedavg,1,639176b6adcfcdc3bb79d4bcc515be38cc98b32b2676cffc61f260e9f954fe5e,047e83f180c5735a2b4102ed3da4e6a8208d818ea52099bbfe69ebe0c6181f99,abd041e002dee1909a709c78fb9668d4b5eb8e3c76f9262f89ca331f700c86cf,140,0.33234889359651787,0.8079214379133328,0.003397459862753749,0.8164638145661031,0.3431019482665448,0.8339166666666666,0.8351666666666666,0.7414364946471543,0.7482302014208986,0.2287655719139298,0.23456121343445288,0.6348208673790069,0.6478802992518703,0.15194787808469812,0.15141989641007325,0.3363303363303364,0.344425294975474,0.18395833333333333,0.1846
give_me_some_credit,alpha_0p3,fedavg,2,2f58be74fb0bb2a1c42d91f9e7bcd7b1bab95bf01bdc4c0ef65ea104f7b24a74,42c89417477ac6d2bd3ecd1d104d6e978be9ed70f93788fec4903db09f796335,38cc391dee7e126f50e636cc39d63383920852985821436932ed7380fdb13040,130,0.36925332953808704,0.826961176900804,0.04437506943941116,0.8283417550070172,0.37271071884684087,0.8215342305929414,0.8217666666666666,0.7630684971255608,0.7563304188181093,0.23136299004671948,0.22480237154150198,0.6953601953601953,0.6807980049875312,0.16922320110907385,0.1681371673513128,0.3472031702484378,0.3379967809830383,0.20513354723113464,0.2024
give_me_some_credit,alpha_0p3,fedavg,3,2bef34180fa43d15c8b3a832fda67b178e8a0d4eef749c72e506bbfdbdc5dfca,1413e6409c41bb34689b5935ab816fd9f26db03fa6f981b19287e3faccc9b043,5a7b6d299945f96b9f9f7365778ef9809566c3a3cc5542e6046530e5931bc00f,20,0.37044463175663334,0.8364176889172664,0.1363644152879715,0.8317504328124145,0.36190855483311846,0.8165833333333333,0.8115666666666667,0.7631923013523129,0.7571160952770779,0.22301445830857597,0.21641791044776118,0.7015576323987539,0.6942643391521197,0.17517302969412818,0.1800321485979639,0.3384430417793809,0.3299751096361266,0.210375,0.2144
give_me_some_credit,alpha_0p3,fedavg_classweight,1,639176b6adcfcdc3bb79d4bcc515be38cc98b32b2676cffc61f260e9f954fe5e,047e83f180c5735a2b4102ed3da4e6a8208d818ea52099bbfe69ebe0c6181f99,abd041e002dee1909a709c78fb9668d4b5eb8e3c76f9262f89ca331f700c86cf,20,0.3234438005441585,0.8062662345612406,0.2043556272983551,0.8112105608456088,0.3310560113630069,0.7957083333333334,0.8021666666666667,0.7437484782016204,0.7446709623512214,0.19825072886297376,0.20451127819548873,0.6838466373350094,0.6783042394014963,0.19634968093176852,0.18896231469905345,0.3073880491594858,0.31426920854997115,0.22866666666666666,0.22166666666666668
give_me_some_credit,alpha_0p3,fedavg_classweight,2,2f58be74fb0bb2a1c42d91f9e7bcd7b1bab95bf01bdc4c0ef65ea104f7b24a74,42c89417477ac6d2bd3ecd1d104d6e978be9ed70f93788fec4903db09f796335,38cc391dee7e126f50e636cc39d63383920852985821436932ed7380fdb13040,20,0.371787899627341,0.825657819117414,0.10440368950366974,0.8220704267194133,0.3578972478601606,0.8223259302470937,0.8217666666666666,0.7623617841743149,0.7521631267428857,0.2318218954248366,0.2231610337972167,0.6929181929181929,0.6718204488778055,0.16819462456956313,0.16749419539203425,0.3474135292317111,0.33503295609998757,0.20400850035418142,0.2012
give_me_some_credit,alpha_0p3,fedavg_classweight,3,2bef34180fa43d15c8b3a832fda67b178e8a0d4eef749c72e506bbfdbdc5dfca,1413e6409c41bb34689b5935ab816fd9f26db03fa6f981b19287e3faccc9b043,5a7b6d299945f96b9f9f7365778ef9809566c3a3cc5542e6046530e5931bc00f,10,0.3608185553490211,0.8368749421843299,0.30125686526298523,0.8331558850685395,0.35814232082207753,0.7862916666666667,0.7806666666666666,0.7660482041844286,0.7572287356265525,0.2017603249830738,0.1951219512195122,0.7426791277258566,0.7301745635910224,0.21058271935699935,0.21571709233791747,0.31731665113802743,0.30795119899032397,0.24616666666666667,0.2501
give_me_some_credit,alpha_0p3,fedprox,1,639176b6adcfcdc3bb79d4bcc515be38cc98b32b2676cffc61f260e9f954fe5e,047e83f180c5735a2b4102ed3da4e6a8208d818ea52099bbfe69ebe0c6181f99,abd041e002dee1909a709c78fb9668d4b5eb8e3c76f9262f89ca331f700c86cf,70,0.34430212764551366,0.8225911044821014,0.012212744913995266,0.8245752648206239,0.35460050779058827,0.8130416666666667,0.8167,0.751862641948851,0.7545417132289833,0.21406003159557663,0.21967265725288831,0.6813324952859836,0.6827930174563591,0.1776072113882815,0.17370959099839256,0.32577009767092413,0.3324025737525798,0.211,0.20773333333333333
give_me_some_credit,alpha_0p3,fedprox,2,2f58be74fb0bb2a1c42d91f9e7bcd7b1bab95bf01bdc4c0ef65ea104f7b24a74,42c89417477ac6d2bd3ecd1d104d6e978be9ed70f93788fec4903db09f796335,38cc391dee7e126f50e636cc39d63383920852985821436932ed7380fdb13040,110,0.3745314229685127,0.8316087871899329,0.04604523256421089,0.8340516185870384,0.3673408095797501,0.8122005083545147,0.8135666666666667,0.7673951447932934,0.75841923143561,0.2248225589871475,0.21854408534672107,0.7155067155067155,0.6947630922693266,0.18071642592012882,0.17792462939810683,0.34213983360093414,0.33249791144527985,0.21721738405766908,0.21246666666666666
give_me_some_credit,alpha_0p3,fedprox,3,2bef34180fa43d15c8b3a832fda67b178e8a0d4eef749c72e506bbfdbdc5dfca,1413e6409c41bb34689b5935ab816fd9f26db03fa6f981b19287e3faccc9b043,5a7b6d299945f96b9f9f7365778ef9809566c3a3cc5542e6046530e5931bc00f,70,0.37393011237578827,0.8374179678235365,0.028055941686034203,0.8328092164658901,0.36174077258105375,0.81775,0.8113333333333334,0.7707582425149138,0.7600007838948797,0.22686920497139476,0.21732405259087392,0.7165109034267912,0.7007481296758105,0.1749944183969636,0.1807465618860511,0.3446209169913096,0.3317591499409681,0.21120833333333333,0.2155
give_me_some_credit,alpha_0p3,fedrba,1,639176b6adcfcdc3bb79d4bcc515be38cc98b32b2676cffc61f260e9f954fe5e,047e83f180c5735a2b4102ed3da4e6a8208d818ea52099bbfe69ebe0c6181f99,abd041e002dee1909a709c78fb9668d4b5eb8e3c76f9262f89ca331f700c86cf,30,0.3383143658099529,0.8224336831084328,0.5613594651222229,0.8265314299534251,0.349576397758492,0.79025,0.7941,0.7548393994859129,0.7570179302591886,0.19877515310586177,0.20352472996020465,0.7140163419233186,0.714214463840399,0.20433754295149276,0.20017860332202175,0.3109772789488092,0.31677911735427494,0.238125,0.23453333333333334
give_me_some_credit,alpha_0p3,fedrba,2,2f58be74fb0bb2a1c42d91f9e7bcd7b1bab95bf01bdc4c0ef65ea104f7b24a74,42c89417477ac6d2bd3ecd1d104d6e978be9ed70f93788fec4903db09f796335,38cc391dee7e126f50e636cc39d63383920852985821436932ed7380fdb13040,20,0.374899316588377,0.8287840649430024,0.08825763314962387,0.8271843609408343,0.36735178115276734,0.8038251593816409,0.8035333333333333,0.7637493823599096,0.7528117552163527,0.21678966789667897,0.20860182826315002,0.7173382173382173,0.6942643391521197,0.18983945261839807,0.18864082871941423,0.3329555114763389,0.3208112468310671,0.22584274344764366,0.22243333333333334
give_me_some_credit,alpha_0p3,fedrba,3,2bef34180fa43d15c8b3a832fda67b178e8a0d4eef749c72e506bbfdbdc5dfca,1413e6409c41bb34689b5935ab816fd9f26db03fa6f981b19287e3faccc9b043,5a7b6d299945f96b9f9f7365778ef9809566c3a3cc5542e6046530e5931bc00f,20,0.3651323769636545,0.8360587414163292,0.3163147270679474,0.8313068373894698,0.3562777474011128,0.83225,0.8279,0.7614650299528641,0.7566070090000931,0.23701933521616336,0.23063800750597066,0.6797507788161994,0.6743142144638404,0.1568207189104711,0.16110019646365425,0.35148195876288657,0.34371424939621203,0.19179166666666667,0.1954
give_me_some_credit,alpha_0p3,fedrba_classagg,1,639176b6adcfcdc3bb79d4bcc515be38cc98b32b2676cffc61f260e9f954fe5e,047e83f180c5735a2b4102ed3da4e6a8208d818ea52099bbfe69ebe0c6181f99,abd041e002dee1909a709c78fb9668d4b5eb8e3c76f9262f89ca331f700c86cf,110,0.3377214599313184,0.8184845733645167,0.16624721884727478,0.8225797624174962,0.35090485456049825,0.8159583333333333,0.8170333333333333,0.7510888720717206,0.7528681867397946,0.2161510646846123,0.2193038994521431,0.6763042111879322,0.6788029925187032,0.17412646704449108,0.17306661903911413,0.3275993301872431,0.33150651564973815,0.20741666666666667,0.20686666666666667
give_me_some_credit,alpha_0p3,fedrba_classagg,2,2f58be74fb0bb2a1c42d91f9e7bcd7b1bab95bf01bdc4c0ef65ea104f7b24a74,42c89417477ac6d2bd3ecd1d104d6e978be9ed70f93788fec4903db09f796335,38cc391dee7e126f50e636cc39d63383920852985821436932ed7380fdb13040,20,0.36777567351239954,0.8264010621798735,0.040642280131578445,0.8211124804527349,0.35699573817212343,0.8068252843868494,0.8083666666666667,0.7633790986279694,0.7554015033856687,0.21897262842144732,0.21323529411764705,0.7130647130647131,0.6942643391521197,0.18630651580877422,0.18346133238078233,0.3350545037292025,0.32626274463846244,0.22225926080253344,0.2176
give_me_some_credit,alpha_0p3,fedrba_classagg,3,2bef34180fa43d15c8b3a832fda67b178e8a0d4eef749c72e506bbfdbdc5dfca,1413e6409c41bb34689b5935ab816fd9f26db03fa6f981b19287e3faccc9b043,5a7b6d299945f96b9f9f7365778ef9809566c3a3cc5542e6046530e5931bc00f,20,0.37058967998011133,0.8356165393504753,0.13086062669754028,0.8308403219491902,0.3646728417093312,0.797875,0.7937666666666666,0.7615545442595039,0.7552187133523576,0.20788336933045357,0.20264505119453924,0.719626168224299,0.7107231920199502,0.1965170797052913,0.2002857653152349,0.3225806451612903,0.31537014495961047,0.2315,0.2344
